Date,Video ID,Title,Views,Daily Increase
2026-06-25,_3asYN_OV_U,추억은 계절처럼 찾아와,30833,0
2026-06-25,Nr0tzBlONjc,나를 사랑하지 않는 너에게,7541,0
2026-06-25,aWPNx-qvHkk,나를 사랑하지 않는 나에게,1861,0
2026-06-25,OX4W0K4ij1Q,넌 바다야,23625,0
2026-06-25,H-rBnGJ0xWM,작은 약속,41812,0
2026-06-25,b6afis3lmuA,Only for you,22544,0
2026-06-25,-2SkSDzl65Q,나는 너,17031,0
2026-06-25,eIGQOGNHn0Y,이제는 안녕 (영범이에게),24079,0
2026-06-25,upxyzZ9aaDg,투명한 콜라,25268,0
2026-06-25,YGOpr4EP2CE,잊어주세요,6631,0
2026-06-25,Snl3FIO9T80,남겨두고서,12334,0
2026-06-25,K_s-Nr9lp6k,영영,42553,0
2026-06-25,hme8ULDjQpg,봄이어라,3954,0
2026-06-25,Sv2oTzU6JFs,마지막 1초,5906,0
2026-06-25,qJfGWQl0xjo,하얀 운동화 (feat. 김인디),5046,0
2026-06-25,rFsGrFl5QqU,종이비행기,5239,0
2026-06-25,w1HcX17JYPM,그 한마디,5998,0
2026-06-25,570BJzlYaqU,너의 노래가 될게,27056,0
2026-06-25,f2tVdl7BzIw,마주치지 말걸 그랬어,46452,0
2026-06-25,1HVuTOrf_Ns,사랑한다고 말해볼까요,8807,0
2026-06-25,1kOZilM88g0,여전히 널,42076,0
2026-06-25,VG-gznNRHIQ,스위트피,3662,0
2026-06-25,x2Rv27prn9c,누가 그랬나요,10730,0
2026-06-25,Ot4xAK2T-s0,미안할 건 없지,11695,0
2026-06-25,nlwQFSs9C1c,인공소녀,2664,0
2026-06-25,SctlVInapnA,눈부시게 행복하기를,4092,0
2026-06-25,J1tMAzBHUo8,이 밤이 다정하게 우릴 속여도,2338,0
2026-06-25,mf1SsEWha0U,핑크빛 립스틱,9138,0
2026-06-25,Xl9xoodpb30,첫 번째 비밀,2455,0
2026-06-25,xdRQQ-uV-ew,F&T,3992,0
2026-06-25,OyePmUzjlb4,0이 될 때까지 지워내,171860,0
2026-06-25,2dNYo-2tlgU,도레미파솔라시도,6548,0
2026-06-25,Z7ITvksAdGM,아직 태어나지 않았나요,2870,0
2026-06-25,KSyWk3ISs4o,달빛도 잠든 거리,4060,0
2026-06-25,oiJmQr3BoDc,멈추지 않는 바람만,12877,0
2026-06-25,HB2VnB5uUz0,"Rewind, Forward",3711,0
2026-06-25,YOp8gxf8HTw,난 여기 있을게,5511,0
2026-06-25,GgntvWwYvu8,Red Juice,1925,0
2026-06-25,IxoVAgHM0Cs,안녕은 영원한 이별이 아니길,101591,0
2026-06-25,rc8tF5uct_g,봄이 오고 있어,3537,0
2026-06-25,obDaGr188bQ,그대는 알고 있나요,78835,0
2026-06-25,C-2VvBYgi1Y,부르고 싶은 이름이 되어 버린 너,11473,0
2026-06-25,fp3_BRbeogw,CITY,31,0
2026-06-25,BttPkrdZUtk,고작 꺼낸 한마디가,206,0
2026-06-25,CD2iBBtHWJY,울까요,182,0
2026-06-25,FrsutI3FgsI,달려가고 있어,357,0
2026-06-25,NAEVxyBcox4,보랏빛 사이렌,13580,0
2026-06-25,WCSoJPk7ePQ,널 따라,157,0
2026-06-25,e0zNwl97eME,눈을 감아도,406,0
2026-06-25,fM_jW4SQ6dQ,CITY,4255,0
2026-06-25,pOgM2e9ltco,멍청아,267,0
2026-06-25,yes8AZebW0c,오늘밤엔 꼭,3990,0
2026-06-25,z_NlEEOggzE,부서지길 바래,230,0
2026-06-25,8wFDNGfSZvU,달려가고 있어,3493,0
2026-06-25,bi3lP1CcOTY,고작 꺼낸 한마디가,3597,0
2026-06-25,MqOAcmgJU0M,널 따라,2363,0
2026-06-25,FmwaEEomopk,눈을 감아도,36228,0
2026-06-25,6dtQjvc8n3c,울까요,4640,0
2026-06-25,eIXJnHWgtBk,부서지길 바래,2385,0
2026-06-25,p7KgqfEmyB8,멍청아,2823,0
2026-06-25,_3asYN_OV_U,추억은 계절처럼 찾아와,31706,873
2026-06-25,Nr0tzBlONjc,나를 사랑하지 않는 너에게,7650,109
2026-06-25,aWPNx-qvHkk,나를 사랑하지 않는 나에게,1878,17
2026-06-25,OX4W0K4ij1Q,넌 바다야,23760,135
2026-06-25,H-rBnGJ0xWM,작은 약속,41978,166
2026-06-25,b6afis3lmuA,Only for you,22591,47
2026-06-25,-2SkSDzl65Q,나는 너,17106,75
2026-06-25,eIGQOGNHn0Y,이제는 안녕 (영범이에게),24098,19
2026-06-25,upxyzZ9aaDg,투명한 콜라,25401,133
2026-06-25,YGOpr4EP2CE,잊어주세요,6644,13
2026-06-25,Snl3FIO9T80,남겨두고서,12358,24
2026-06-25,K_s-Nr9lp6k,영영,42879,326
2026-06-25,hme8ULDjQpg,봄이어라,3974,20
2026-06-25,Sv2oTzU6JFs,마지막 1초,5933,27
2026-06-25,qJfGWQl0xjo,하얀 운동화 (feat. 김인디),5094,48
2026-06-25,rFsGrFl5QqU,종이비행기,5269,30
2026-06-25,w1HcX17JYPM,그 한마디,6014,16
2026-06-25,570BJzlYaqU,너의 노래가 될게,27266,210
2026-06-25,f2tVdl7BzIw,마주치지 말걸 그랬어,46476,24
2026-06-25,1HVuTOrf_Ns,사랑한다고 말해볼까요,8843,36
2026-06-25,1kOZilM88g0,여전히 널,42176,100
2026-06-25,VG-gznNRHIQ,스위트피,3665,3
2026-06-25,x2Rv27prn9c,누가 그랬나요,10787,57
2026-06-25,Ot4xAK2T-s0,미안할 건 없지,11779,84
2026-06-25,nlwQFSs9C1c,인공소녀,2675,11
2026-06-25,SctlVInapnA,눈부시게 행복하기를,4107,15
2026-06-25,J1tMAzBHUo8,이 밤이 다정하게 우릴 속여도,2351,13
2026-06-25,mf1SsEWha0U,핑크빛 립스틱,9161,23
2026-06-25,Xl9xoodpb30,첫 번째 비밀,2456,1
2026-06-25,xdRQQ-uV-ew,F&T,3994,2
2026-06-25,OyePmUzjlb4,0이 될 때까지 지워내,172215,355
2026-06-25,2dNYo-2tlgU,도레미파솔라시도,6582,34
2026-06-25,Z7ITvksAdGM,아직 태어나지 않았나요,2868,0
2026-06-25,KSyWk3ISs4o,달빛도 잠든 거리,4065,5
2026-06-25,oiJmQr3BoDc,멈추지 않는 바람만,12900,23
2026-06-25,HB2VnB5uUz0,"Rewind, Forward",3733,22
2026-06-25,YOp8gxf8HTw,난 여기 있을게,5503,0
2026-06-25,GgntvWwYvu8,Red Juice,1928,3
2026-06-25,IxoVAgHM0Cs,안녕은 영원한 이별이 아니길,101763,172
2026-06-25,rc8tF5uct_g,봄이 오고 있어,3554,17
2026-06-25,obDaGr188bQ,그대는 알고 있나요,79125,290
2026-06-25,C-2VvBYgi1Y,부르고 싶은 이름이 되어 버린 너,11576,103
2026-06-25,fp3_BRbeogw,CITY,31,0
2026-06-25,BttPkrdZUtk,고작 꺼낸 한마디가,206,0
2026-06-25,CD2iBBtHWJY,울까요,182,0
2026-06-25,FrsutI3FgsI,달려가고 있어,356,0
2026-06-25,NAEVxyBcox4,보랏빛 사이렌,13580,0
2026-06-25,WCSoJPk7ePQ,널 따라,157,0
2026-06-25,e0zNwl97eME,눈을 감아도,406,0
2026-06-25,fM_jW4SQ6dQ,CITY,4261,6
2026-06-25,pOgM2e9ltco,멍청아,268,1
2026-06-25,yes8AZebW0c,오늘밤엔 꼭,3998,8
2026-06-25,z_NlEEOggzE,부서지길 바래,230,0
2026-06-25,8wFDNGfSZvU,달려가고 있어,3508,15
2026-06-25,bi3lP1CcOTY,고작 꺼낸 한마디가,3609,12
2026-06-25,MqOAcmgJU0M,널 따라,2375,12
2026-06-25,FmwaEEomopk,눈을 감아도,36327,99
2026-06-25,6dtQjvc8n3c,울까요,4645,5
2026-06-25,eIXJnHWgtBk,부서지길 바래,2392,7
2026-06-25,p7KgqfEmyB8,멍청아,2832,9
2026-06-25,_3asYN_OV_U,추억은 계절처럼 찾아와,31783,77
2026-06-25,Nr0tzBlONjc,나를 사랑하지 않는 너에게,7650,0
2026-06-25,aWPNx-qvHkk,나를 사랑하지 않는 나에게,1878,0
2026-06-25,OX4W0K4ij1Q,넌 바다야,23760,0
2026-06-25,H-rBnGJ0xWM,작은 약속,41978,0
2026-06-25,b6afis3lmuA,Only for you,22591,0
2026-06-25,-2SkSDzl65Q,나는 너,17106,0
2026-06-25,eIGQOGNHn0Y,이제는 안녕 (영범이에게),24131,33
2026-06-25,upxyzZ9aaDg,투명한 콜라,25401,0
2026-06-25,YGOpr4EP2CE,잊어주세요,6644,0
2026-06-25,Snl3FIO9T80,남겨두고서,12358,0
2026-06-25,K_s-Nr9lp6k,영영,42905,26
2026-06-25,hme8ULDjQpg,봄이어라,3974,0
2026-06-25,Sv2oTzU6JFs,마지막 1초,5933,0
2026-06-25,qJfGWQl0xjo,하얀 운동화 (feat. 김인디),5094,0
2026-06-25,rFsGrFl5QqU,종이비행기,5269,0
2026-06-25,w1HcX17JYPM,그 한마디,6014,0
2026-06-25,570BJzlYaqU,너의 노래가 될게,27272,6
2026-06-25,f2tVdl7BzIw,마주치지 말걸 그랬어,46476,0
2026-06-25,1HVuTOrf_Ns,사랑한다고 말해볼까요,8843,0
2026-06-25,1kOZilM88g0,여전히 널,42176,0
2026-06-25,VG-gznNRHIQ,스위트피,3665,0
2026-06-25,x2Rv27prn9c,누가 그랬나요,10787,0
2026-06-25,Ot4xAK2T-s0,미안할 건 없지,11779,0
2026-06-25,nlwQFSs9C1c,인공소녀,2675,0
2026-06-25,SctlVInapnA,눈부시게 행복하기를,4107,0
2026-06-25,J1tMAzBHUo8,이 밤이 다정하게 우릴 속여도,2351,0
2026-06-25,mf1SsEWha0U,핑크빛 립스틱,9161,0
2026-06-25,Xl9xoodpb30,첫 번째 비밀,2456,0
2026-06-25,xdRQQ-uV-ew,F&T,4005,11
2026-06-25,OyePmUzjlb4,0이 될 때까지 지워내,172264,49
2026-06-25,2dNYo-2tlgU,도레미파솔라시도,6582,0
2026-06-25,Z7ITvksAdGM,아직 태어나지 않았나요,2868,0
2026-06-25,KSyWk3ISs4o,달빛도 잠든 거리,4065,0
2026-06-25,oiJmQr3BoDc,멈추지 않는 바람만,12900,0
2026-06-25,HB2VnB5uUz0,"Rewind, Forward",3733,0
2026-06-25,YOp8gxf8HTw,난 여기 있을게,5531,28
2026-06-25,GgntvWwYvu8,Red Juice,1928,0
2026-06-25,IxoVAgHM0Cs,안녕은 영원한 이별이 아니길,101790,27
2026-06-25,rc8tF5uct_g,봄이 오고 있어,3554,0
2026-06-25,obDaGr188bQ,그대는 알고 있나요,79130,5
2026-06-25,C-2VvBYgi1Y,부르고 싶은 이름이 되어 버린 너,11576,0
2026-06-25,fp3_BRbeogw,CITY,31,0
2026-06-25,BttPkrdZUtk,고작 꺼낸 한마디가,206,0
2026-06-25,CD2iBBtHWJY,울까요,182,0
2026-06-25,FrsutI3FgsI,달려가고 있어,358,2
2026-06-25,NAEVxyBcox4,보랏빛 사이렌,13580,0
2026-06-25,WCSoJPk7ePQ,널 따라,157,0
2026-06-25,e0zNwl97eME,눈을 감아도,406,0
2026-06-25,fM_jW4SQ6dQ,CITY,4261,0
2026-06-25,pOgM2e9ltco,멍청아,268,0
2026-06-25,yes8AZebW0c,오늘밤엔 꼭,3994,0
2026-06-25,z_NlEEOggzE,부서지길 바래,230,0
2026-06-25,8wFDNGfSZvU,달려가고 있어,3507,0
2026-06-25,bi3lP1CcOTY,고작 꺼낸 한마디가,3614,5
2026-06-25,MqOAcmgJU0M,널 따라,2375,0
2026-06-25,FmwaEEomopk,눈을 감아도,36321,0
2026-06-25,6dtQjvc8n3c,울까요,4645,0
2026-06-25,eIXJnHWgtBk,부서지길 바래,2393,1
2026-06-25,p7KgqfEmyB8,멍청아,2829,0
2026-06-25,_3asYN_OV_U,추억은 계절처럼 찾아와,31864,81
2026-06-25,Nr0tzBlONjc,나를 사랑하지 않는 너에게,7647,0
2026-06-25,aWPNx-qvHkk,나를 사랑하지 않는 나에게,1878,0
2026-06-25,OX4W0K4ij1Q,넌 바다야,23761,1
2026-06-25,H-rBnGJ0xWM,작은 약속,41987,9
2026-06-25,b6afis3lmuA,Only for you,22591,0
2026-06-25,-2SkSDzl65Q,나는 너,17113,7
2026-06-25,eIGQOGNHn0Y,이제는 안녕 (영범이에게),24128,0
2026-06-25,upxyzZ9aaDg,투명한 콜라,25407,6
2026-06-25,YGOpr4EP2CE,잊어주세요,6631,0
2026-06-25,Snl3FIO9T80,남겨두고서,12356,0
2026-06-25,K_s-Nr9lp6k,영영,42923,18
2026-06-25,hme8ULDjQpg,봄이어라,3983,9
2026-06-25,Sv2oTzU6JFs,마지막 1초,5933,0
2026-06-25,qJfGWQl0xjo,하얀 운동화 (feat. 김인디),5090,0
2026-06-25,rFsGrFl5QqU,종이비행기,5270,1
2026-06-25,w1HcX17JYPM,그 한마디,6022,8
2026-06-25,570BJzlYaqU,너의 노래가 될게,27281,9
2026-06-25,f2tVdl7BzIw,마주치지 말걸 그랬어,46599,123
2026-06-25,1HVuTOrf_Ns,사랑한다고 말해볼까요,8849,6
2026-06-25,1kOZilM88g0,여전히 널,42176,0
2026-06-25,VG-gznNRHIQ,스위트피,3671,6
2026-06-25,x2Rv27prn9c,누가 그랬나요,10788,1
2026-06-25,Ot4xAK2T-s0,미안할 건 없지,11770,0
2026-06-25,nlwQFSs9C1c,인공소녀,2675,0
2026-06-25,SctlVInapnA,눈부시게 행복하기를,4115,8
2026-06-25,J1tMAzBHUo8,이 밤이 다정하게 우릴 속여도,2349,0
2026-06-25,mf1SsEWha0U,핑크빛 립스틱,9161,0
2026-06-25,Xl9xoodpb30,첫 번째 비밀,2454,0
2026-06-25,xdRQQ-uV-ew,F&T,4005,0
2026-06-25,OyePmUzjlb4,0이 될 때까지 지워내,172287,23
2026-06-25,2dNYo-2tlgU,도레미파솔라시도,6582,0
2026-06-25,Z7ITvksAdGM,아직 태어나지 않았나요,2886,18
2026-06-25,KSyWk3ISs4o,달빛도 잠든 거리,4065,0
2026-06-25,oiJmQr3BoDc,멈추지 않는 바람만,12902,2
2026-06-25,HB2VnB5uUz0,"Rewind, Forward",3724,0
2026-06-25,YOp8gxf8HTw,난 여기 있을게,5515,0
2026-06-25,GgntvWwYvu8,Red Juice,1930,2
2026-06-25,IxoVAgHM0Cs,안녕은 영원한 이별이 아니길,101802,12
2026-06-25,rc8tF5uct_g,봄이 오고 있어,3557,3
2026-06-25,obDaGr188bQ,그대는 알고 있나요,79130,0
2026-06-25,C-2VvBYgi1Y,부르고 싶은 이름이 되어 버린 너,11578,2
2026-06-25,fp3_BRbeogw,CITY,31,0
2026-06-25,BttPkrdZUtk,고작 꺼낸 한마디가,206,0
2026-06-25,CD2iBBtHWJY,울까요,182,0
2026-06-25,FrsutI3FgsI,달려가고 있어,358,0
2026-06-25,NAEVxyBcox4,보랏빛 사이렌,13580,0
2026-06-25,WCSoJPk7ePQ,널 따라,157,0
2026-06-25,e0zNwl97eME,눈을 감아도,406,0
2026-06-25,fM_jW4SQ6dQ,CITY,4257,0
2026-06-25,pOgM2e9ltco,멍청아,267,0
2026-06-25,yes8AZebW0c,오늘밤엔 꼭,4003,9
2026-06-25,z_NlEEOggzE,부서지길 바래,230,0
2026-06-25,8wFDNGfSZvU,달려가고 있어,3507,0
2026-06-25,bi3lP1CcOTY,고작 꺼낸 한마디가,3611,0
2026-06-25,MqOAcmgJU0M,널 따라,2370,0
2026-06-25,FmwaEEomopk,눈을 감아도,36323,2
2026-06-25,6dtQjvc8n3c,울까요,4655,10
2026-06-25,eIXJnHWgtBk,부서지길 바래,2393,0
2026-06-25,p7KgqfEmyB8,멍청아,2831,2
2026-06-25,_3asYN_OV_U,추억은 계절처럼 찾아와,31878,14
2026-06-25,Nr0tzBlONjc,나를 사랑하지 않는 너에게,7650,3
2026-06-25,aWPNx-qvHkk,나를 사랑하지 않는 나에게,1878,0
2026-06-25,OX4W0K4ij1Q,넌 바다야,23760,0
2026-06-25,H-rBnGJ0xWM,작은 약속,41978,0
2026-06-25,b6afis3lmuA,Only for you,22591,0
2026-06-25,-2SkSDzl65Q,나는 너,17106,0
2026-06-25,eIGQOGNHn0Y,이제는 안녕 (영범이에게),24131,3
2026-06-25,upxyzZ9aaDg,투명한 콜라,25401,0
2026-06-25,YGOpr4EP2CE,잊어주세요,6644,13
2026-06-25,Snl3FIO9T80,남겨두고서,12358,2
2026-06-25,K_s-Nr9lp6k,영영,42935,12
2026-06-25,hme8ULDjQpg,봄이어라,3974,0
2026-06-25,Sv2oTzU6JFs,마지막 1초,5933,0
2026-06-25,qJfGWQl0xjo,하얀 운동화 (feat. 김인디),5094,4
2026-06-25,rFsGrFl5QqU,종이비행기,5269,0
2026-06-25,w1HcX17JYPM,그 한마디,6014,0
2026-06-25,570BJzlYaqU,너의 노래가 될게,27284,3
2026-06-25,f2tVdl7BzIw,마주치지 말걸 그랬어,46608,9
2026-06-25,1HVuTOrf_Ns,사랑한다고 말해볼까요,8843,0
2026-06-25,1kOZilM88g0,여전히 널,42176,0
2026-06-25,VG-gznNRHIQ,스위트피,3677,6
2026-06-25,x2Rv27prn9c,누가 그랬나요,10787,0
2026-06-25,Ot4xAK2T-s0,미안할 건 없지,11779,9
2026-06-25,nlwQFSs9C1c,인공소녀,2675,0
2026-06-25,SctlVInapnA,눈부시게 행복하기를,4107,0
2026-06-25,J1tMAzBHUo8,이 밤이 다정하게 우릴 속여도,2351,2
2026-06-25,mf1SsEWha0U,핑크빛 립스틱,9161,0
2026-06-25,Xl9xoodpb30,첫 번째 비밀,2460,6
2026-06-25,xdRQQ-uV-ew,F&T,4005,0
2026-06-25,OyePmUzjlb4,0이 될 때까지 지워내,172294,7
2026-06-25,2dNYo-2tlgU,도레미파솔라시도,6582,0
2026-06-25,Z7ITvksAdGM,아직 태어나지 않았나요,2868,0
2026-06-25,KSyWk3ISs4o,달빛도 잠든 거리,4065,0
2026-06-25,oiJmQr3BoDc,멈추지 않는 바람만,12900,0
2026-06-25,HB2VnB5uUz0,"Rewind, Forward",3733,9
2026-06-25,YOp8gxf8HTw,난 여기 있을게,5531,16
2026-06-25,GgntvWwYvu8,Red Juice,1928,0
2026-06-25,IxoVAgHM0Cs,안녕은 영원한 이별이 아니길,101802,0
2026-06-25,rc8tF5uct_g,봄이 오고 있어,3554,0
2026-06-25,obDaGr188bQ,그대는 알고 있나요,79130,0
2026-06-25,C-2VvBYgi1Y,부르고 싶은 이름이 되어 버린 너,11576,0
2026-06-25,fp3_BRbeogw,CITY,31,0
2026-06-25,BttPkrdZUtk,고작 꺼낸 한마디가,206,0
2026-06-25,CD2iBBtHWJY,울까요,182,0
2026-06-25,FrsutI3FgsI,달려가고 있어,358,0
2026-06-25,NAEVxyBcox4,보랏빛 사이렌,13580,0
2026-06-25,WCSoJPk7ePQ,널 따라,157,0
2026-06-25,e0zNwl97eME,눈을 감아도,406,0
2026-06-25,fM_jW4SQ6dQ,CITY,4261,4
2026-06-25,pOgM2e9ltco,멍청아,268,1
2026-06-25,yes8AZebW0c,오늘밤엔 꼭,4008,5
2026-06-25,z_NlEEOggzE,부서지길 바래,230,0
2026-06-25,8wFDNGfSZvU,달려가고 있어,3504,0
2026-06-25,bi3lP1CcOTY,고작 꺼낸 한마디가,3614,3
2026-06-25,MqOAcmgJU0M,널 따라,2376,6
2026-06-25,FmwaEEomopk,눈을 감아도,36338,15
2026-06-25,6dtQjvc8n3c,울까요,4640,0
2026-06-25,eIXJnHWgtBk,부서지길 바래,2399,6
2026-06-25,p7KgqfEmyB8,멍청아,2823,0
